,patientNumber,patientList,volumeContour,volumeContourAuto,volumeContourDifference,DSC,Recurrence,Fractions,Stage,mean_sd_maxV,mean,sd,maxval
83,92,200712490,38.14892578125,46.00634765625,-7.857421875,0.8337336814621401,0,16,T2a,"(-0.17219337367349205, 0.5931053710491072, 46.261909484863004)",-0.17219337367349205,0.5931053710491072,46.261909484863004
133,142,200704610,41.396484375,95.18994140625,-53.79345703125,0.5228917988481699,0,16,T3,"(24.04048911485406, 22.88169508339248, 45.666919708252)",24.04048911485406,22.88169508339248,45.666919708252
189,200,200901896,48.1552734375,29.8916015625,18.263671875,0.7177927927927901,0,16,T1c,"(0.27704644052518745, 0.6353349650178028, 47.06384658813501)",0.27704644052518745,0.6353349650178028,47.06384658813501
