,patientNumber,patientList,volumeContour,volumeContourAuto,volumeContourDifference,DSC,Recurrence,Fractions,Stage,mean_sd_maxV,mean,sd,maxval
7,10,200503487,31.676128387451,78.773086547852,-47.0969581604,0.41609462782157003,1,16,T3b,"(31.9564060467316, 23.082264758992736, 49.247917175293)",31.9564060467316,23.082264758992736,49.247917175293
25,29,200705761,70.600006103516,31.823276519775,38.77672958374,0.54731270416235,1,16,T3,"(43.849389068244236, 45.089846080790174, 89.799522399902)",43.849389068244236,45.089846080790174,89.799522399902
