,patientNumber,patientList,volumeContour,volumeContourAuto,volumeContourDifference,DSC,Recurrence,Fractions,Stage,mean_sd_maxV,mean,sd,maxval
8,11,200504181,110.75916290283001,58.941535949707,51.817626953125,0.68790919034789,1,16,T3,"(0.37789196517732415, 0.3997056777102424, 2.317859172821)",0.37789196517732415,0.3997056777102424,2.317859172821
12,15,200507999,110.52791595459,67.696701049805,42.831214904785,0.6865334572303701,1,16,T1,"(0.3016544303960272, 0.5761516793345998, 2.3890721797943)",0.3016544303960272,0.5761516793345998,2.3890721797943
52,59,200504652,80.76148986816399,36.601829528809,44.159660339355,0.5964327608740699,0,16,T1c,"(0.5063619494769308, 0.5520092523881402, 3.7180898189544997)",0.5063619494769308,0.5520092523881402,3.7180898189544997
69,76,200503355,155.15724182129,104.83210754395,50.325134277344,0.7867360711774201,0,16,T2,"(0.38468659788370124, 0.5485713210814952, 3.1215000152587997)",0.38468659788370124,0.5485713210814952,3.1215000152587997
72,79,200511552,131.94580078125,78.3369140625,53.60888671875,0.7346136966834499,0,16,T2,"(0.48598286536004853, 0.5678893417441454, 2.3353841304779)",0.48598286536004853,0.5678893417441454,2.3353841304779
114,123,200602405,159.71044921875,99.28125,60.42919921875,0.7445490794943599,0,16,T1c,"(0.4623144284221861, 0.41861530328304236, 2.7671566009522004)",0.4623144284221861,0.41861530328304236,2.7671566009522004
119,128,200604498,105.06884765625,49.94384765625,55.125,0.6438736746612199,0,16,T2,"(0.5353717768523427, 0.39623788179332714, 2.3130280971527)",0.5353717768523427,0.39623788179332714,2.3130280971527
181,192,200813630,132.71044921875,86.95458984375,45.755859375,0.74528868083063,0,16,T2a,"(0.24349531864126522, 0.4591408705521136, 2.3754661083221)",0.24349531864126522,0.4591408705521136,2.3754661083221
